{
    "name"              : "MBTV",
    "plugin"            : "plugin.video.mbtv",
    "priority"          : 100,
    "assert"            : {
                            "play_movie":       ["title", "year"],
                            "play_episode":     ["showname", "season", "episode"],
                            "search_movie":     ["title"],
                            "search_episode":   ["showname"]
                          },
    "play_movie"        : [
                            "plugin://plugin.video.mbtv/?action=search&category=search",
                            {"keyboard": "{title}"},
                            {"title": "(?i)^(\\[.*\\])?.*{title}.*(\\[.*\\])?$", "year": "{year}"}
                          ],
    "play_episode"      : [
                            "plugin://plugin.video.mbtv/?action=search&category=search",
                            {"keyboard": "{showname}"},
                            {"title": "(?i)^(\\[.*\\])?{showname}(\\[.*\\])?$"},
                            {"return": "true", "season": "^{season}$", "episode": "^{episode}$"},
                            {"season": "^{season}$"},
                            {"season": "^{season}$", "episode": "^{episode}$"}
                          ],
    "search_movie"      : [
                            "plugin://plugin.video.mbtv/?action=search&category=search",
                            {"keyboard": "{title}"}
                          ],
    "search_episode"    : [
                            "plugin://plugin.video.mbtv/?action=search&category=search",
                            {"keyboard": "{showname}"}
                          ]
}